Career,Skills,Description,Salary
AI Engineer,"python,machine learning,deep learning,nlp","Builds AI applications and intelligent systems","8-20 LPA"
Data Scientist,"python,data analysis,statistics,machine learning","Analyzes data and builds predictive models","6-18 LPA"
Web Developer,"html,css,javascript,react","Develops websites and web applications","4-12 LPA"
Cyber Security Analyst,"networking,linux,security","Protects systems and networks from threats","5-15 LPA"
Cloud Engineer,"aws,docker,kubernetes","Manages cloud infrastructure and deployments","6-16 LPA"
Software Engineer,"python,java,c++","Designs and develops software applications","5-15 LPA"
Data Analyst,"excel,sql,power bi,data analysis","Analyzes business and operational data","4-12 LPA"
DevOps Engineer,"docker,jenkins,kubernetes,linux","Automates deployment and infrastructure","6-18 LPA"
Mobile App Developer,"flutter,android,kotlin","Builds Android and mobile applications","5-14 LPA"
UI UX Designer,"figma,wireframe,design","Designs user-friendly interfaces and experiences","4-12 LPA"